Agent_ID,Start_Latitude,Start_Longitude,Delivery_ID,Drop_Latitude,Drop_Longitude
A015,17.378697,78.680473,D0001,17.315496,78.475875
A033,17.351237,78.446557,D0002,17.226514,78.535906
A026,17.370126,78.535928,D0003,17.336837,78.253355
A038,17.33709,78.279375,D0004,17.384881,78.273017
A008,17.36512,78.356719,D0005,17.528567,78.666342
A047,17.242083,78.441416,D0006,17.30386,78.439916
A045,17.259875,78.414766,D0007,17.470035,78.24609
A050,17.594518,78.533719,D0008,17.5487,78.438089
A026,17.203508,78.502031,D0009,17.309859,78.228793
A030,17.275856,78.658693,D0010,17.272145,78.611157
A029,17.414352,78.294453,D0011,17.431306,78.370286
A005,17.286706,78.284036,D0012,17.368097,78.515536
A029,17.564136,78.454715,D0013,17.561192,78.318641
A037,17.443322,78.50889,D0014,17.336637,78.355769
A022,17.258868,78.419619,D0015,17.305581,78.385292
A042,17.428219,78.336856,D0016,17.224868,78.254911
A010,17.310617,78.522978,D0017,17.461441,78.504223
A043,17.351959,78.566017,D0018,17.390393,78.366089
A024,17.432465,78.567845,D0019,17.490101,78.34935
A007,17.243847,78.691909,D0020,17.226403,78.632364
A036,17.501955,78.648296,D0021,17.482298,78.255296
A024,17.231153,78.204169,D0022,17.478528,78.257925
A030,17.569748,78.473513,D0023,17.345861,78.251511
A034,17.250685,78.22578,D0024,17.34222,78.245053
A003,17.553755,78.611072,D0025,17.20425,78.494345
A039,17.537739,78.452866,D0026,17.470702,78.549152
A031,17.393132,78.462204,D0027,17.317817,78.629049
A045,17.395575,78.577782,D0028,17.306825,78.625293
A002,17.346288,78.644431,D0029,17.461092,78.688007
A047,17.457628,78.323905,D0030,17.582437,78.257149
A004,17.335553,78.646588,D0031,17.215512,78.334859
A033,17.319494,78.41532,D0032,17.267575,78.319731
A003,17.427005,78.696321,D0033,17.412377,78.485326
A013,17.504994,78.624507,D0034,17.449808,78.377811
A043,17.200612,78.585692,D0035,17.444203,78.223669
A013,17.205605,78.209889,D0036,17.265553,78.66251
A038,17.558478,78.409051,D0037,17.322384,78.305643
A035,17.505251,78.377518,D0038,17.222115,78.454776
A009,17.328053,78.345295,D0039,17.391763,78.512377
A042,17.565256,78.646397,D0040,17.275426,78.426896
A035,17.493072,78.279862,D0041,17.346749,78.477085
A026,17.543813,78.671413,D0042,17.338956,78.499867
A001,17.501345,78.486406,D0043,17.237699,78.484914
A037,17.355272,78.636081,D0044,17.466329,78.328025
A010,17.206066,78.264752,D0045,17.437077,78.254006
A012,17.246417,78.298812,D0046,17.306715,78.381833
A029,17.520427,78.267886,D0047,17.278329,78.527158
A024,17.527279,78.368854,D0048,17.272503,78.388541
A049,17.521931,78.555272,D0049,17.356394,78.285878
A045,17.211899,78.302762,D0050,17.4257,78.640036
A014,17.429611,78.454688,D0051,17.566267,78.459823
A043,17.336617,78.545445,D0052,17.330566,78.369017
A013,17.506109,78.429791,D0053,17.420694,78.350507
A011,17.245341,78.45537,D0054,17.383692,78.446528
A002,17.286895,78.433282,D0055,17.474744,78.407961
A029,17.343334,78.207432,D0056,17.54892,78.459022
A036,17.522588,78.277554,D0057,17.234341,78.233155
A022,17.475525,78.60855,D0058,17.44208,78.399696
A034,17.295244,78.616573,D0059,17.280145,78.385246
A020,17.217489,78.672459,D0060,17.469392,78.356674
A049,17.294939,78.620366,D0061,17.42376,78.327326
A038,17.587855,78.548409,D0062,17.354755,78.316192
A016,17.469936,78.447032,D0063,17.251694,78.575183
A018,17.319637,78.430944,D0064,17.446112,78.425336
A008,17.338659,78.380905,D0065,17.410758,78.60903
A037,17.290839,78.225677,D0066,17.24944,78.519992
A040,17.222485,78.354072,D0067,17.432203,78.438956
A022,17.252628,78.565233,D0068,17.53126,78.627435
A012,17.228945,78.426748,D0069,17.25211,78.53847
A043,17.339657,78.578806,D0070,17.593125,78.484646
A022,17.482585,78.655552,D0071,17.242293,78.440199
A025,17.263948,78.557489,D0072,17.599248,78.256613
A011,17.203395,78.248707,D0073,17.214094,78.631888
A024,17.466352,78.648396,D0074,17.250567,78.438764
A040,17.328432,78.20116,D0075,17.26432,78.483353
A030,17.581076,78.410105,D0076,17.303085,78.281944
A039,17.417373,78.500516,D0077,17.496684,78.219331
A045,17.52069,78.295883,D0078,17.309072,78.607941
A019,17.536471,78.579938,D0079,17.428746,78.407666
A030,17.358668,78.40664,D0080,17.57676,78.58813
A016,17.439264,78.409591,D0081,17.369977,78.39362
A020,17.556596,78.329675,D0082,17.589598,78.21974
A016,17.250529,78.683589,D0083,17.23018,78.316631
A042,17.59288,78.648736,D0084,17.382943,78.211627
A019,17.408985,78.613223,D0085,17.567893,78.583321
A044,17.287606,78.562963,D0086,17.433567,78.505955
A030,17.322896,78.42548,D0087,17.513402,78.341478
A029,17.567182,78.484238,D0088,17.332748,78.241675
A043,17.558425,78.337789,D0089,17.480298,78.622972
A045,17.570149,78.381827,D0090,17.290031,78.408971
A043,17.448855,78.593025,D0091,17.336582,78.396241
A017,17.32531,78.206051,D0092,17.272325,78.404903
A040,17.27732,78.503274,D0093,17.478893,78.687237
A047,17.445536,78.32693,D0094,17.353957,78.509691
A012,17.25735,78.676801,D0095,17.297514,78.290417
A011,17.425801,78.201911,D0096,17.299201,78.506284
A009,17.508117,78.26045,D0097,17.5615,78.642187
A025,17.284196,78.553355,D0098,17.285788,78.211875
A010,17.354174,78.462125,D0099,17.471828,78.664572
A033,17.358967,78.329975,D0100,17.386295,78.373223
A040,17.567692,78.422007,D0101,17.583693,78.588842
A038,17.211652,78.289923,D0102,17.312057,78.666363
A021,17.280583,78.623583,D0103,17.559686,78.630987
A003,17.278894,78.655866,D0104,17.544726,78.494905
A029,17.265702,78.568795,D0105,17.547478,78.43168
A045,17.428599,78.669276,D0106,17.203989,78.241474
A034,17.482272,78.293391,D0107,17.574862,78.497848
A029,17.543818,78.541663,D0108,17.49411,78.483509
A009,17.519209,78.351557,D0109,17.344553,78.471913
A015,17.518224,78.589038,D0110,17.532307,78.318736
A019,17.472743,78.589462,D0111,17.599242,78.313348
A024,17.271937,78.400161,D0112,17.206506,78.650148
A048,17.591515,78.69381,D0113,17.245899,78.38736
A017,17.415075,78.451108,D0114,17.453443,78.237387
A041,17.457999,78.69722,D0115,17.331222,78.606987
A044,17.574513,78.509219,D0116,17.252229,78.449314
A020,17.499081,78.515514,D0117,17.537346,78.644546
A017,17.537145,78.263789,D0118,17.481597,78.502276
A004,17.207115,78.411552,D0119,17.488176,78.663278
A046,17.506829,78.619842,D0120,17.338694,78.598717
A043,17.238342,78.546819,D0121,17.300962,78.480222
A050,17.238444,78.611349,D0122,17.366775,78.662455
A040,17.579281,78.239345,D0123,17.292713,78.508852
A002,17.369874,78.529551,D0124,17.380217,78.426139
A039,17.33644,78.517516,D0125,17.588144,78.535867
A030,17.413956,78.427385,D0126,17.514735,78.684115
A030,17.505426,78.402351,D0127,17.26341,78.326188
A032,17.348891,78.471804,D0128,17.233502,78.558008
A016,17.26288,78.388687,D0129,17.558634,78.36614
A006,17.599969,78.692216,D0130,17.39732,78.456256
A014,17.25763,78.265267,D0131,17.395793,78.370279
A004,17.355376,78.261085,D0132,17.464944,78.444564
A012,17.35837,78.52245,D0133,17.331815,78.379548
A015,17.268434,78.4604,D0134,17.379767,78.440505
A012,17.495979,78.697235,D0135,17.43435,78.27669
A049,17.350164,78.233501,D0136,17.515454,78.471239
A003,17.564094,78.52399,D0137,17.376183,78.382175
A041,17.538077,78.212093,D0138,17.474538,78.602228
A002,17.397878,78.239973,D0139,17.505002,78.563045
A018,17.335551,78.67861,D0140,17.314393,78.677512
A034,17.478477,78.423508,D0141,17.406493,78.222931
A048,17.536832,78.531755,D0142,17.497025,78.512971
A032,17.338913,78.576559,D0143,17.573059,78.432735
A017,17.349169,78.402202,D0144,17.426809,78.38191
A009,17.39236,78.373818,D0145,17.481449,78.638293
A019,17.231246,78.514946,D0146,17.502951,78.539713
A006,17.201176,78.617487,D0147,17.371866,78.439796
A034,17.457821,78.305506,D0148,17.599159,78.437883
A009,17.342865,78.652297,D0149,17.384202,78.507369
A030,17.406109,78.460259,D0150,17.328206,78.299791
A015,17.477011,78.44449,D0151,17.570313,78.253759
A016,17.523553,78.382187,D0152,17.354259,78.520858
A028,17.322916,78.306409,D0153,17.412205,78.640153
A040,17.491515,78.295994,D0154,17.381398,78.563788
A033,17.275973,78.288193,D0155,17.454994,78.265239
A015,17.310066,78.458166,D0156,17.515057,78.669261
A042,17.38819,78.699485,D0157,17.395239,78.252284
A010,17.206619,78.281013,D0158,17.297335,78.514964
A048,17.382625,78.378317,D0159,17.295147,78.294279
A036,17.592845,78.346124,D0160,17.263426,78.448154
A010,17.51376,78.340393,D0161,17.455236,78.542493
A047,17.362437,78.651097,D0162,17.408152,78.535063
A042,17.597924,78.495125,D0163,17.573373,78.356121
A025,17.512165,78.221981,D0164,17.390532,78.63458
A046,17.534969,78.228162,D0165,17.26068,78.572781
A045,17.551145,78.42783,D0166,17.32664,78.570156
A025,17.283103,78.322877,D0167,17.230674,78.488616
A007,17.203486,78.272551,D0168,17.342857,78.577286
A002,17.241663,78.67447,D0169,17.374836,78.213361
A043,17.553986,78.240126,D0170,17.390144,78.408737
A036,17.361629,78.477273,D0171,17.414516,78.657272
A039,17.247552,78.539247,D0172,17.367547,78.294853
A005,17.340294,78.424386,D0173,17.490678,78.261716
A015,17.463525,78.456685,D0174,17.542255,78.254566
A001,17.445869,78.46052,D0175,17.206729,78.626925
A012,17.240856,78.351992,D0176,17.219479,78.619985
A018,17.388546,78.57421,D0177,17.294341,78.249959
A008,17.425316,78.644665,D0178,17.311309,78.2598
A006,17.395119,78.241533,D0179,17.257038,78.357622
A011,17.462363,78.431871,D0180,17.491476,78.439603
A048,17.43501,78.223306,D0181,17.384381,78.202058
A048,17.270046,78.588059,D0182,17.372883,78.447503
A046,17.321381,78.450022,D0183,17.530179,78.281853
A022,17.487742,78.437019,D0184,17.24695,78.411901
A027,17.568634,78.580491,D0185,17.391463,78.484413
A028,17.305557,78.428741,D0186,17.552977,78.211523
A029,17.215016,78.224078,D0187,17.525276,78.639862
A010,17.58102,78.348848,D0188,17.216386,78.269322
A009,17.393197,78.47204,D0189,17.443658,78.211562
A038,17.485741,78.610971,D0190,17.403136,78.393377
A012,17.433093,78.466838,D0191,17.292693,78.236851
A049,17.473965,78.641918,D0192,17.450956,78.300465
A027,17.319738,78.483223,D0193,17.417389,78.332428
A008,17.48493,78.227787,D0194,17.400507,78.268263
A020,17.285599,78.498337,D0195,17.307377,78.59641
A012,17.311438,78.315289,D0196,17.462155,78.426956
A027,17.217555,78.447033,D0197,17.495041,78.559367
A037,17.288449,78.244742,D0198,17.355221,78.464752
A023,17.493355,78.229965,D0199,17.385287,78.60954
A033,17.458689,78.234867,D0200,17.281642,78.343803
A022,17.223053,78.23338,D0201,17.335237,78.480797
A050,17.449104,78.30968,D0202,17.429762,78.523088
A010,17.465676,78.593644,D0203,17.387891,78.354844
A011,17.564619,78.36207,D0204,17.238869,78.58491
A018,17.34405,78.376361,D0205,17.312412,78.530949
A034,17.592239,78.550431,D0206,17.304887,78.314306
A022,17.510835,78.533081,D0207,17.384933,78.49495
A026,17.467072,78.69408,D0208,17.422363,78.260646
A019,17.402673,78.531727,D0209,17.291374,78.424749
A050,17.548429,78.575579,D0210,17.592975,78.471622
A050,17.543701,78.605913,D0211,17.561465,78.697057
A010,17.325724,78.310545,D0212,17.312489,78.587918
A025,17.474832,78.221619,D0213,17.326636,78.301988
A012,17.58479,78.529646,D0214,17.353159,78.237578
A002,17.312828,78.467405,D0215,17.32273,78.32072
A011,17.587238,78.293722,D0216,17.464991,78.659203
A037,17.3902,78.442152,D0217,17.405853,78.360328
A039,17.522337,78.394573,D0218,17.383693,78.374987
A028,17.476558,78.422867,D0219,17.373209,78.409685
A047,17.494005,78.269404,D0220,17.335989,78.285632
A005,17.245034,78.657396,D0221,17.346135,78.246765
A020,17.414616,78.369406,D0222,17.554545,78.539633
A045,17.379815,78.509735,D0223,17.577698,78.60632
A037,17.451209,78.6987,D0224,17.411498,78.538876
A013,17.41007,78.419522,D0225,17.431987,78.635147
A007,17.371253,78.632541,D0226,17.211205,78.618254
A002,17.586893,78.436143,D0227,17.549358,78.30209
A002,17.461777,78.255505,D0228,17.464955,78.684311
A010,17.377404,78.592094,D0229,17.475344,78.330356
A049,17.411943,78.397462,D0230,17.281581,78.403125
A025,17.451401,78.547304,D0231,17.508347,78.484877
A023,17.335761,78.281546,D0232,17.39894,78.267575
A027,17.281276,78.696292,D0233,17.449484,78.66053
A007,17.257184,78.28544,D0234,17.307647,78.468505
A024,17.27734,78.322468,D0235,17.284079,78.536979
A036,17.355877,78.543355,D0236,17.349608,78.309828
A033,17.479686,78.67523,D0237,17.510879,78.328318
A018,17.437013,78.671743,D0238,17.259899,78.570055
A016,17.593929,78.592115,D0239,17.378842,78.589712
A005,17.355782,78.605348,D0240,17.578843,78.655662
A020,17.279256,78.286901,D0241,17.265099,78.650874
A046,17.416203,78.607233,D0242,17.428374,78.564077
A021,17.351382,78.629867,D0243,17.533002,78.216173
A044,17.370586,78.23894,D0244,17.412145,78.485315
A028,17.294814,78.224879,D0245,17.381154,78.612823
A044,17.361361,78.367722,D0246,17.461183,78.268116
A004,17.560972,78.211932,D0247,17.341547,78.501567
A040,17.297177,78.677001,D0248,17.225628,78.426069
A010,17.546516,78.558197,D0249,17.523451,78.427372
A020,17.372475,78.489461,D0250,17.523462,78.202203
A012,17.249993,78.251346,D0251,17.266023,78.677807
A019,17.471702,78.699553,D0252,17.324852,78.365159
A042,17.586917,78.599082,D0253,17.451577,78.287603
A036,17.504322,78.560184,D0254,17.243137,78.494262
A028,17.430401,78.313538,D0255,17.540883,78.388444
A045,17.452202,78.564518,D0256,17.214448,78.551052
A031,17.494282,78.342537,D0257,17.375414,78.613242
A017,17.339104,78.678511,D0258,17.496957,78.500768
A043,17.37742,78.489609,D0259,17.476397,78.5695
A027,17.436703,78.408524,D0260,17.412258,78.684159
A029,17.559191,78.252026,D0261,17.559546,78.57958
A038,17.445012,78.584207,D0262,17.316553,78.600785
A022,17.590051,78.34798,D0263,17.248737,78.334115
A003,17.360726,78.386091,D0264,17.331289,78.434559
A020,17.495952,78.677073,D0265,17.503848,78.456808
A038,17.287055,78.37806,D0266,17.256465,78.387169
A043,17.385071,78.536664,D0267,17.417915,78.435714
A048,17.440486,78.38503,D0268,17.335229,78.632543
A008,17.565494,78.495776,D0269,17.20298,78.231966
A044,17.436344,78.663918,D0270,17.441792,78.580815
A045,17.330732,78.412159,D0271,17.560709,78.560869
A048,17.208268,78.535946,D0272,17.523929,78.357572
A046,17.297674,78.484412,D0273,17.405179,78.326225
A040,17.418853,78.357916,D0274,17.46679,78.578859
A029,17.415718,78.572041,D0275,17.276443,78.26493
A007,17.520696,78.442606,D0276,17.316805,78.517217
A006,17.524989,78.399859,D0277,17.372087,78.658924
A033,17.419903,78.631381,D0278,17.398467,78.669189
A019,17.506727,78.480312,D0279,17.563589,78.561598
A044,17.349913,78.608076,D0280,17.365216,78.525976
A050,17.567222,78.397037,D0281,17.497172,78.401889
A036,17.516938,78.315679,D0282,17.225791,78.367667
A008,17.43396,78.228018,D0283,17.494807,78.58871
A045,17.356841,78.315911,D0284,17.318228,78.266591
A029,17.529316,78.552452,D0285,17.578537,78.487568
A044,17.458894,78.582922,D0286,17.577969,78.216436
A032,17.370486,78.636091,D0287,17.336517,78.565793
A004,17.356966,78.584012,D0288,17.416575,78.447747
A028,17.274586,78.229453,D0289,17.324338,78.444767
A025,17.271841,78.661903,D0290,17.535426,78.670674
A005,17.247873,78.239068,D0291,17.260107,78.628588
A036,17.203581,78.422,D0292,17.518222,78.313859
A011,17.241279,78.419928,D0293,17.527295,78.588992
A014,17.388078,78.214928,D0294,17.501524,78.292426
A010,17.583289,78.651182,D0295,17.508423,78.239535
A036,17.378491,78.496105,D0296,17.376935,78.533875
A016,17.212626,78.642951,D0297,17.509705,78.438842
A012,17.390247,78.36659,D0298,17.248927,78.356201
A043,17.503484,78.345296,D0299,17.299797,78.33937
A010,17.271977,78.500232,D0300,17.530128,78.357737
A036,17.254656,78.453161,D0301,17.25866,78.521394
A047,17.215955,78.485445,D0302,17.458825,78.404289
A011,17.52362,78.593607,D0303,17.452616,78.637238
A008,17.552567,78.550245,D0304,17.34666,78.692085
A031,17.386574,78.424688,D0305,17.439303,78.419228
A038,17.473519,78.38604,D0306,17.22602,78.262143
A048,17.436994,78.580677,D0307,17.221162,78.483928
A030,17.276267,78.460812,D0308,17.369857,78.570452
A025,17.532174,78.343422,D0309,17.384316,78.390474
A012,17.561556,78.65909,D0310,17.595752,78.326134
A035,17.414311,78.661718,D0311,17.585685,78.301114
A048,17.506222,78.379984,D0312,17.430959,78.50969
A002,17.341098,78.672426,D0313,17.353422,78.258844
A006,17.576794,78.219433,D0314,17.429173,78.206375
A016,17.276854,78.271005,D0315,17.42454,78.211355
A010,17.348563,78.529111,D0316,17.580279,78.352602
A021,17.229807,78.628753,D0317,17.289669,78.335506
A043,17.417123,78.669825,D0318,17.598972,78.351467
A019,17.240456,78.636029,D0319,17.524316,78.486849
A015,17.42494,78.505473,D0320,17.589688,78.630256
A036,17.2317,78.589154,D0321,17.295676,78.202252
A004,17.277426,78.661252,D0322,17.445522,78.372274
A005,17.3978,78.560567,D0323,17.495944,78.318992
A037,17.291959,78.379507,D0324,17.297257,78.650319
A030,17.218401,78.217384,D0325,17.374054,78.650814
A044,17.499427,78.60154,D0326,17.309192,78.398083
A002,17.271286,78.538584,D0327,17.580246,78.32042
A026,17.458262,78.439764,D0328,17.331713,78.642515
A016,17.519718,78.452633,D0329,17.27925,78.432976
A045,17.430983,78.479456,D0330,17.38045,78.349762
A011,17.479325,78.306992,D0331,17.343683,78.293927
A024,17.525186,78.349884,D0332,17.220426,78.368134
A018,17.586836,78.366809,D0333,17.489722,78.506804
A036,17.294056,78.447734,D0334,17.203377,78.22632
A042,17.218618,78.366875,D0335,17.552603,78.3379
A028,17.209767,78.314862,D0336,17.473102,78.247604
A006,17.519401,78.635303,D0337,17.421182,78.213706
A011,17.560085,78.47343,D0338,17.428622,78.628998
A003,17.30732,78.463279,D0339,17.472054,78.545042
A043,17.591851,78.684883,D0340,17.478389,78.541028
A023,17.493474,78.656512,D0341,17.552484,78.39125
A007,17.489203,78.527487,D0342,17.237505,78.530814
A047,17.561632,78.451688,D0343,17.436022,78.544726
A031,17.505029,78.658385,D0344,17.465114,78.536024
A011,17.599403,78.596603,D0345,17.226952,78.509665
A050,17.512755,78.555395,D0346,17.438575,78.58064
A018,17.386884,78.31686,D0347,17.265633,78.268728
A038,17.234434,78.456311,D0348,17.538173,78.645189
A038,17.571705,78.665679,D0349,17.49307,78.666707
A029,17.274783,78.270786,D0350,17.334732,78.639166
A011,17.573231,78.407995,D0351,17.454414,78.349729
A032,17.594915,78.672794,D0352,17.515326,78.698365
A015,17.420153,78.453715,D0353,17.396408,78.231258
A017,17.235954,78.63727,D0354,17.488077,78.390657
A040,17.209452,78.223545,D0355,17.248018,78.567882
A047,17.27372,78.543934,D0356,17.385662,78.300322
A033,17.26476,78.522244,D0357,17.361125,78.462635
A003,17.517688,78.524749,D0358,17.485091,78.268476
A044,17.20232,78.399577,D0359,17.305236,78.60604
A009,17.441399,78.589204,D0360,17.352362,78.251873
A006,17.377613,78.67865,D0361,17.307268,78.672094
A037,17.503602,78.651445,D0362,17.420796,78.671666
A005,17.267007,78.305016,D0363,17.536444,78.477378
A029,17.55968,78.634893,D0364,17.293164,78.538962
A037,17.212109,78.608087,D0365,17.239014,78.214691
A048,17.298179,78.569173,D0366,17.559592,78.320954
A040,17.437172,78.647693,D0367,17.465895,78.238404
A040,17.525303,78.633312,D0368,17.481865,78.513094
A025,17.281511,78.346964,D0369,17.489513,78.268296
A031,17.365848,78.409168,D0370,17.566969,78.2908
A002,17.348247,78.247948,D0371,17.25587,78.539409
A049,17.325632,78.342826,D0372,17.237988,78.479616
A010,17.527633,78.405405,D0373,17.360727,78.691074
A028,17.352136,78.492091,D0374,17.323136,78.428426
A012,17.209924,78.567028,D0375,17.554085,78.364171
A011,17.480794,78.331854,D0376,17.332321,78.400224
A006,17.294849,78.493772,D0377,17.544475,78.542027
A047,17.314297,78.67844,D0378,17.318641,78.211675
A018,17.393871,78.480431,D0379,17.374541,78.423445
A018,17.542082,78.522182,D0380,17.586272,78.276418
A004,17.31927,78.690232,D0381,17.366941,78.252335
A008,17.399842,78.34249,D0382,17.294667,78.35539
A017,17.520711,78.683664,D0383,17.309611,78.667431
A027,17.42122,78.678574,D0384,17.44043,78.511954
A005,17.418896,78.633511,D0385,17.44235,78.676981
A034,17.515892,78.282107,D0386,17.232247,78.333412
A028,17.494015,78.580401,D0387,17.561161,78.257024
A044,17.215533,78.324732,D0388,17.202629,78.202872
A026,17.45199,78.31913,D0389,17.479495,78.577405
A013,17.5681,78.442001,D0390,17.265173,78.618176
A041,17.218333,78.229248,D0391,17.543494,78.349496
A045,17.350367,78.637172,D0392,17.260635,78.303108
A006,17.334268,78.219142,D0393,17.567838,78.324904
A004,17.239663,78.505574,D0394,17.52173,78.666872
A035,17.279818,78.6408,D0395,17.373574,78.489016
A013,17.270147,78.604811,D0396,17.218352,78.661053
A024,17.213278,78.3627,D0397,17.324949,78.203159
A008,17.242145,78.632743,D0398,17.475242,78.584252
A025,17.436882,78.515278,D0399,17.571992,78.363691
A012,17.388978,78.450347,D0400,17.455311,78.624098
A033,17.334631,78.402225,D0401,17.273307,78.666161
A044,17.437384,78.312896,D0402,17.424023,78.641256
A047,17.344458,78.665041,D0403,17.539631,78.421401
A022,17.520614,78.608099,D0404,17.317732,78.575583
A004,17.470852,78.258749,D0405,17.515415,78.450414
A019,17.492458,78.35208,D0406,17.355055,78.603939
A011,17.360708,78.424398,D0407,17.529864,78.553043
A018,17.278909,78.365563,D0408,17.361151,78.434417
A037,17.362055,78.362385,D0409,17.457289,78.277052
A023,17.512721,78.361043,D0410,17.217124,78.47269
A036,17.573014,78.674602,D0411,17.531404,78.456022
A025,17.496584,78.414243,D0412,17.534107,78.512534
A032,17.552008,78.515319,D0413,17.376667,78.479187
A045,17.49178,78.341885,D0414,17.324397,78.304792
A030,17.222302,78.30782,D0415,17.355731,78.672825
A028,17.262212,78.217038,D0416,17.411991,78.685698
A001,17.541159,78.59023,D0417,17.515088,78.646202
A031,17.362377,78.543505,D0418,17.553289,78.459284
A020,17.422422,78.548456,D0419,17.3421,78.524062
A042,17.449489,78.553003,D0420,17.368552,78.276213
A019,17.532814,78.64582,D0421,17.35364,78.295764
A046,17.545194,78.221095,D0422,17.365172,78.652744
A050,17.449806,78.202748,D0423,17.518853,78.290137
A012,17.449691,78.378388,D0424,17.333428,78.435992
A003,17.575151,78.681378,D0425,17.232809,78.246781
A032,17.582626,78.622002,D0426,17.439027,78.422302
A029,17.518255,78.579287,D0427,17.289632,78.432651
A016,17.260572,78.250086,D0428,17.330331,78.293672
A046,17.210627,78.217611,D0429,17.40323,78.222712
A008,17.278552,78.286568,D0430,17.575426,78.349702
A034,17.394249,78.628768,D0431,17.553218,78.249334
A009,17.224374,78.668471,D0432,17.596708,78.550531
A035,17.25853,78.266987,D0433,17.421225,78.461223
A022,17.281197,78.684443,D0434,17.503294,78.242603
A011,17.202884,78.224594,D0435,17.535163,78.441043
A036,17.38584,78.219576,D0436,17.47006,78.225548
A010,17.522336,78.261149,D0437,17.299186,78.689865
A029,17.360341,78.686513,D0438,17.260934,78.592379
A020,17.565209,78.518911,D0439,17.25801,78.363418
A001,17.357913,78.506841,D0440,17.240572,78.630225
A038,17.533844,78.47749,D0441,17.50126,78.38046
A015,17.325025,78.581318,D0442,17.583472,78.598815
A038,17.582089,78.469575,D0443,17.275654,78.309414
A003,17.500896,78.581298,D0444,17.352436,78.466411
A044,17.223915,78.554679,D0445,17.589796,78.63743
A011,17.595493,78.28882,D0446,17.327196,78.317726
A014,17.548608,78.637825,D0447,17.460808,78.379156
A010,17.278607,78.411806,D0448,17.290883,78.518113
A027,17.211559,78.456116,D0449,17.493053,78.227033
A017,17.29713,78.39021,D0450,17.568791,78.262943
A028,17.303405,78.393535,D0451,17.509838,78.506531
A033,17.210237,78.647303,D0452,17.236501,78.281696
A023,17.360756,78.481893,D0453,17.558349,78.699384
A037,17.270171,78.269223,D0454,17.469363,78.417271
A010,17.529675,78.626015,D0455,17.334311,78.324855
A036,17.509129,78.553395,D0456,17.381855,78.584742
A012,17.299798,78.407753,D0457,17.356357,78.563072
A046,17.231242,78.400349,D0458,17.479548,78.304889
A042,17.205981,78.460856,D0459,17.469672,78.592876
A015,17.355095,78.483461,D0460,17.343366,78.561214
A039,17.450589,78.537872,D0461,17.406458,78.551713
A005,17.393975,78.294249,D0462,17.453878,78.478594
A046,17.200351,78.537501,D0463,17.213437,78.699853
A028,17.53292,78.570535,D0464,17.211878,78.243765
A007,17.371472,78.262767,D0465,17.418904,78.441908
A016,17.344841,78.580392,D0466,17.596884,78.369727
A039,17.355666,78.403296,D0467,17.339541,78.601396
A013,17.229034,78.615843,D0468,17.538413,78.546504
A010,17.54997,78.62887,D0469,17.350679,78.502898
A024,17.584454,78.583313,D0470,17.29453,78.573461
A007,17.587914,78.236997,D0471,17.473623,78.245876
A025,17.208707,78.498959,D0472,17.478051,78.455694
A030,17.275623,78.609349,D0473,17.428224,78.348848
A001,17.529805,78.228773,D0474,17.444583,78.229083
A035,17.556915,78.257425,D0475,17.43371,78.292919
A027,17.237182,78.622043,D0476,17.247581,78.352398
A005,17.345818,78.576828,D0477,17.335777,78.273865
A023,17.501366,78.381958,D0478,17.511749,78.62628
A035,17.207816,78.374344,D0479,17.408756,78.560822
A037,17.572349,78.495059,D0480,17.582467,78.421215
A022,17.542237,78.369114,D0481,17.259063,78.561413
A048,17.431309,78.275742,D0482,17.212117,78.496958
A045,17.494419,78.646454,D0483,17.538253,78.470166
A047,17.339073,78.510064,D0484,17.243477,78.436602
A007,17.330011,78.69562,D0485,17.568518,78.454236
A031,17.357912,78.417487,D0486,17.264874,78.561278
A019,17.260436,78.457309,D0487,17.491477,78.358122
A018,17.521827,78.440828,D0488,17.365806,78.287992
A037,17.309198,78.47726,D0489,17.35504,78.541498
A023,17.350757,78.600877,D0490,17.25362,78.275103
A019,17.379044,78.201523,D0491,17.525208,78.401829
A018,17.582226,78.489531,D0492,17.34402,78.275174
A049,17.247821,78.253592,D0493,17.301825,78.282477
A041,17.460596,78.26066,D0494,17.498171,78.473178
A035,17.210106,78.596999,D0495,17.575789,78.615633
A003,17.492594,78.562016,D0496,17.249477,78.264202
A037,17.286559,78.64074,D0497,17.279428,78.405066
A030,17.315485,78.539185,D0498,17.351074,78.310973
A006,17.532785,78.453493,D0499,17.389493,78.617744
A045,17.408292,78.394449,D0500,17.268732,78.589151
A036,17.502069,78.25702,D0501,17.314392,78.575864
A019,17.479229,78.660229,D0502,17.221023,78.464251
A042,17.437337,78.441263,D0503,17.285058,78.648011
A045,17.500036,78.587742,D0504,17.331553,78.586613
A031,17.270266,78.498372,D0505,17.404234,78.377326
A050,17.288028,78.509541,D0506,17.450075,78.375101
A038,17.435027,78.623233,D0507,17.269676,78.238492
A005,17.421582,78.550231,D0508,17.462972,78.304332
A032,17.242532,78.277495,D0509,17.352479,78.318559
A004,17.260387,78.583354,D0510,17.49575,78.308792
A012,17.420076,78.344644,D0511,17.500067,78.365026
A038,17.233581,78.492459,D0512,17.59413,78.356093
A027,17.200591,78.254321,D0513,17.408307,78.47657
A021,17.249963,78.349738,D0514,17.560874,78.4538
A001,17.41482,78.549367,D0515,17.326524,78.694616
A038,17.549148,78.319208,D0516,17.262616,78.378088
A009,17.460391,78.253698,D0517,17.234579,78.313229
A009,17.496885,78.523717,D0518,17.413272,78.224884
A031,17.519764,78.517369,D0519,17.424794,78.26034
A042,17.530965,78.35595,D0520,17.380111,78.687874
A026,17.441315,78.595919,D0521,17.34059,78.413457
A030,17.416525,78.634077,D0522,17.295636,78.492305
A020,17.490383,78.669225,D0523,17.228491,78.259766
A019,17.329234,78.535633,D0524,17.510536,78.26704
A028,17.226331,78.351399,D0525,17.510567,78.404372
A019,17.525058,78.235888,D0526,17.323346,78.433656
A032,17.403833,78.282054,D0527,17.281132,78.678735
A002,17.303593,78.557159,D0528,17.265993,78.551261
A028,17.37641,78.630093,D0529,17.300074,78.457929
A041,17.268443,78.264763,D0530,17.438849,78.609407
A003,17.499263,78.594006,D0531,17.231078,78.690853
A025,17.353044,78.233819,D0532,17.351659,78.570077
A031,17.305207,78.202178,D0533,17.329525,78.545778
A011,17.465919,78.334567,D0534,17.534651,78.549692
A032,17.245567,78.203413,D0535,17.475893,78.673704
A045,17.287512,78.604283,D0536,17.538269,78.257676
A019,17.319439,78.363735,D0537,17.206563,78.69769
A030,17.566545,78.406596,D0538,17.576139,78.425099
A047,17.571513,78.395692,D0539,17.297056,78.612784
A006,17.595635,78.305271,D0540,17.416999,78.594335
A048,17.485984,78.44916,D0541,17.572537,78.338724
A009,17.5322,78.677215,D0542,17.265351,78.455018
A020,17.512157,78.605674,D0543,17.292823,78.202532
A047,17.460299,78.639168,D0544,17.42562,78.671715
A028,17.352581,78.63995,D0545,17.237374,78.610731
A030,17.579679,78.394919,D0546,17.346611,78.291075
A019,17.257375,78.271865,D0547,17.594032,78.218672
A032,17.478517,78.575526,D0548,17.441976,78.484237
A017,17.285517,78.484919,D0549,17.228867,78.686242
A019,17.28122,78.214127,D0550,17.574528,78.203532
A001,17.26403,78.6943,D0551,17.341403,78.573152
A034,17.36144,78.656947,D0552,17.408284,78.319891
A015,17.285529,78.559266,D0553,17.33641,78.453952
A020,17.458794,78.575529,D0554,17.412659,78.68359
A035,17.55267,78.255044,D0555,17.412881,78.525594
A004,17.317136,78.204365,D0556,17.50237,78.53015
A016,17.37834,78.506439,D0557,17.500677,78.239077
A012,17.254789,78.475039,D0558,17.350484,78.671954
A035,17.452236,78.245633,D0559,17.497592,78.617421
A027,17.245721,78.345056,D0560,17.472689,78.599858
A050,17.565679,78.689586,D0561,17.276248,78.296357
A019,17.490932,78.561978,D0562,17.369884,78.423553
A050,17.544853,78.271314,D0563,17.552218,78.377008
A037,17.264552,78.3426,D0564,17.543097,78.23949
A008,17.460029,78.51541,D0565,17.587525,78.23094
A003,17.598537,78.526376,D0566,17.267506,78.319793
A029,17.590972,78.683479,D0567,17.322203,78.51036
A031,17.278757,78.400973,D0568,17.496427,78.653279
A029,17.361491,78.203271,D0569,17.393004,78.678085
A032,17.22926,78.302411,D0570,17.291808,78.39976
A050,17.265047,78.562315,D0571,17.594803,78.661702
A042,17.205632,78.328718,D0572,17.59271,78.658996
A022,17.393502,78.497752,D0573,17.487615,78.654844
A015,17.256878,78.272487,D0574,17.428403,78.599546
A005,17.448695,78.406906,D0575,17.527043,78.377773
A031,17.488841,78.57305,D0576,17.390343,78.32154
A034,17.372458,78.497823,D0577,17.291449,78.492838
A018,17.334858,78.693484,D0578,17.436265,78.489886
A012,17.527177,78.434415,D0579,17.343777,78.651013
A039,17.289239,78.682686,D0580,17.572095,78.686967
A024,17.272881,78.638385,D0581,17.290836,78.681643
A019,17.521575,78.57276,D0582,17.241997,78.458338
A005,17.57111,78.67529,D0583,17.535324,78.293197
A042,17.413524,78.689359,D0584,17.331909,78.359013
A048,17.290344,78.5539,D0585,17.393352,78.418973
A010,17.275863,78.360955,D0586,17.283838,78.622573
A016,17.271397,78.523862,D0587,17.30799,78.275206
A047,17.403461,78.449974,D0588,17.380548,78.568092
A009,17.418002,78.681139,D0589,17.429661,78.499595
A036,17.327537,78.334229,D0590,17.36181,78.383106
A049,17.349852,78.4591,D0591,17.373711,78.508912
A004,17.40976,78.662494,D0592,17.585709,78.407741
A018,17.540634,78.557061,D0593,17.587202,78.605292
A024,17.484,78.327383,D0594,17.314278,78.410645
A037,17.273463,78.420701,D0595,17.399476,78.351817
A048,17.574102,78.297536,D0596,17.565374,78.546668
A003,17.416703,78.352401,D0597,17.322928,78.295378
A012,17.333718,78.386757,D0598,17.482838,78.216611
A042,17.408587,78.394701,D0599,17.492699,78.307325
A046,17.262841,78.359653,D0600,17.32517,78.598162
A008,17.308143,78.635053,D0601,17.504794,78.509907
A009,17.458784,78.277699,D0602,17.262208,78.210978
A044,17.415162,78.318945,D0603,17.500465,78.3548
A004,17.236782,78.41003,D0604,17.495586,78.666411
A016,17.21289,78.346854,D0605,17.589615,78.429668
A009,17.591416,78.547099,D0606,17.406817,78.520387
A050,17.488325,78.285907,D0607,17.533,78.282953
A046,17.323747,78.316041,D0608,17.409385,78.665478
A038,17.543282,78.296759,D0609,17.2198,78.48856
A029,17.424822,78.675334,D0610,17.373094,78.477382
A048,17.281965,78.437453,D0611,17.543615,78.521672
A017,17.23937,78.285119,D0612,17.532717,78.278684
A009,17.330159,78.403401,D0613,17.5703,78.369496
A005,17.517845,78.373942,D0614,17.456214,78.575071
A046,17.449612,78.494918,D0615,17.255631,78.486893
A039,17.35461,78.430901,D0616,17.436285,78.59041
A015,17.476175,78.334091,D0617,17.274512,78.488938
A023,17.203417,78.392561,D0618,17.20873,78.642885
A027,17.388516,78.688442,D0619,17.537982,78.371185
A040,17.300088,78.632157,D0620,17.23718,78.228181
A011,17.210899,78.308352,D0621,17.346824,78.342538
A039,17.208174,78.330306,D0622,17.58261,78.381139
A021,17.447208,78.532547,D0623,17.220554,78.631783
A007,17.579681,78.413927,D0624,17.449392,78.555568
A003,17.44121,78.349234,D0625,17.286973,78.226729
A029,17.316284,78.48458,D0626,17.29296,78.470638
A022,17.333061,78.428608,D0627,17.248018,78.572092
A033,17.291634,78.429536,D0628,17.225383,78.263146
A038,17.345363,78.314415,D0629,17.45441,78.408448
A030,17.523507,78.235228,D0630,17.517549,78.698163
A015,17.22217,78.487882,D0631,17.409889,78.583021
A001,17.298389,78.206859,D0632,17.378517,78.660632
A025,17.239628,78.550848,D0633,17.24648,78.556583
A006,17.262194,78.319717,D0634,17.268276,78.400363
A043,17.414859,78.354116,D0635,17.455327,78.451344
A031,17.470134,78.321299,D0636,17.465675,78.638016
A002,17.445102,78.412204,D0637,17.424504,78.558678
A041,17.239604,78.450122,D0638,17.359021,78.551935
A027,17.399037,78.302183,D0639,17.429844,78.480343
A005,17.306409,78.229649,D0640,17.295552,78.468224
A045,17.547669,78.698302,D0641,17.271103,78.396939
A049,17.376956,78.4589,D0642,17.565339,78.642776
A032,17.251731,78.297267,D0643,17.517499,78.423082
A031,17.407023,78.651657,D0644,17.530257,78.675415
A040,17.558836,78.217152,D0645,17.434726,78.362331
A035,17.324694,78.665879,D0646,17.586824,78.458701
A037,17.470623,78.489265,D0647,17.591191,78.314853
A023,17.469701,78.611191,D0648,17.394834,78.34416
A001,17.397847,78.618241,D0649,17.554989,78.592043
A039,17.575719,78.637735,D0650,17.329068,78.399409
A045,17.351251,78.248054,D0651,17.293962,78.222955
A035,17.580673,78.205162,D0652,17.221504,78.529578
A045,17.294497,78.68941,D0653,17.345517,78.532032
A041,17.315927,78.571851,D0654,17.52565,78.538817
A006,17.232174,78.601311,D0655,17.353532,78.577571
A045,17.208024,78.45744,D0656,17.286054,78.503509
A034,17.463155,78.219214,D0657,17.387291,78.631275
A014,17.242431,78.571725,D0658,17.206117,78.480971
A049,17.433847,78.222174,D0659,17.287041,78.5495
A032,17.473658,78.396337,D0660,17.273522,78.22255
A009,17.269808,78.296233,D0661,17.449472,78.626757
A005,17.299756,78.244781,D0662,17.534781,78.222564
A032,17.390493,78.48692,D0663,17.347266,78.388887
A046,17.275447,78.317011,D0664,17.382544,78.284195
A017,17.398869,78.385891,D0665,17.495828,78.675052
A034,17.479917,78.519992,D0666,17.450368,78.443286
A028,17.475214,78.54618,D0667,17.58678,78.496106
A011,17.291843,78.657898,D0668,17.590195,78.26037
A037,17.287865,78.397862,D0669,17.24697,78.637464
A030,17.274639,78.676137,D0670,17.592516,78.282197
A006,17.484673,78.541006,D0671,17.244654,78.222181
A007,17.493436,78.616119,D0672,17.402158,78.511461
A002,17.508388,78.278238,D0673,17.578206,78.425112
A037,17.457896,78.33644,D0674,17.411583,78.339669
A035,17.343738,78.356428,D0675,17.553465,78.615038
A018,17.314926,78.607784,D0676,17.382737,78.381034
A047,17.290842,78.407518,D0677,17.25334,78.544993
A033,17.313439,78.683861,D0678,17.252458,78.523098
A023,17.594468,78.631669,D0679,17.251238,78.462639
A006,17.280582,78.377715,D0680,17.548887,78.318173
A027,17.228266,78.317402,D0681,17.328356,78.42512
A023,17.453615,78.448507,D0682,17.597927,78.367147
A023,17.534513,78.63516,D0683,17.509013,78.461743
A021,17.375484,78.514213,D0684,17.509539,78.617219
A001,17.465038,78.616556,D0685,17.293405,78.508362
A046,17.268005,78.372468,D0686,17.55164,78.621704
A010,17.517412,78.3895,D0687,17.482007,78.37857
A027,17.282029,78.634267,D0688,17.327893,78.649234
A041,17.582781,78.449437,D0689,17.38144,78.368676
A027,17.472355,78.492805,D0690,17.431716,78.358276
A008,17.242423,78.293591,D0691,17.305763,78.284206
A005,17.311131,78.514739,D0692,17.237664,78.659813
A044,17.471302,78.637541,D0693,17.306757,78.239705
A028,17.592764,78.417559,D0694,17.565158,78.372906
A038,17.327031,78.277963,D0695,17.394894,78.216109
A007,17.322616,78.691018,D0696,17.285675,78.66952
A045,17.293015,78.345422,D0697,17.34422,78.598241
A004,17.322396,78.615927,D0698,17.36059,78.6722
A042,17.431017,78.253518,D0699,17.438086,78.537298
A035,17.251337,78.672534,D0700,17.511033,78.264465
A031,17.313034,78.424783,D0701,17.228786,78.655479
A004,17.290614,78.328278,D0702,17.440936,78.677454
A003,17.541613,78.469034,D0703,17.486305,78.59388
A016,17.496378,78.340757,D0704,17.529921,78.544069
A039,17.562124,78.208437,D0705,17.228213,78.544175
A008,17.273819,78.328763,D0706,17.57088,78.204962
A034,17.31285,78.316742,D0707,17.39904,78.331891
A037,17.500967,78.276757,D0708,17.255105,78.506759
A034,17.533919,78.665153,D0709,17.320017,78.697388
A026,17.588825,78.653442,D0710,17.302259,78.475125
A001,17.429741,78.68958,D0711,17.466321,78.403638
A031,17.354332,78.626326,D0712,17.325218,78.345572
A043,17.219418,78.632448,D0713,17.468081,78.24166
A040,17.209629,78.6956,D0714,17.554502,78.285852
A030,17.282579,78.689641,D0715,17.295163,78.429395
A022,17.22384,78.5946,D0716,17.360386,78.288621
A050,17.288804,78.417722,D0717,17.598619,78.37602
A031,17.419859,78.631759,D0718,17.475631,78.594287
A012,17.549472,78.511072,D0719,17.225235,78.383608
A041,17.47125,78.467375,D0720,17.363811,78.2288
A021,17.485778,78.214861,D0721,17.236603,78.307694
A005,17.599182,78.547643,D0722,17.290263,78.499242
A004,17.590106,78.296048,D0723,17.258459,78.289271
A004,17.514906,78.658582,D0724,17.461327,78.257856
A022,17.238878,78.522446,D0725,17.409994,78.64995
A010,17.333586,78.608432,D0726,17.351719,78.513231
A029,17.506701,78.452106,D0727,17.50952,78.566737
A029,17.249742,78.372199,D0728,17.384436,78.258745
A047,17.371443,78.40889,D0729,17.565103,78.249978
A010,17.508821,78.582605,D0730,17.340213,78.645211
A023,17.206002,78.464889,D0731,17.246842,78.5282
A012,17.444111,78.623814,D0732,17.315254,78.435112
A009,17.399172,78.35309,D0733,17.517914,78.469945
A050,17.264068,78.591101,D0734,17.289683,78.6445
A033,17.220228,78.232697,D0735,17.550463,78.498661
A025,17.358214,78.659664,D0736,17.300626,78.48703
A010,17.420026,78.594619,D0737,17.477098,78.216538
A003,17.488699,78.599786,D0738,17.275375,78.225642
A038,17.434384,78.267194,D0739,17.245259,78.664044
A039,17.427165,78.69198,D0740,17.38704,78.228557
A048,17.347324,78.477995,D0741,17.205389,78.381683
A030,17.491242,78.672469,D0742,17.386107,78.56939
A048,17.589205,78.617505,D0743,17.399159,78.651139
A017,17.450258,78.30433,D0744,17.294367,78.258123
A036,17.404056,78.220907,D0745,17.568643,78.409455
A040,17.344523,78.344167,D0746,17.211016,78.665857
A016,17.498345,78.473824,D0747,17.337242,78.631236
A015,17.276954,78.594041,D0748,17.228286,78.486795
A019,17.4534,78.51504,D0749,17.55344,78.691993
A006,17.42722,78.49233,D0750,17.294368,78.27273
A046,17.42563,78.249198,D0751,17.56929,78.512
A006,17.235572,78.247467,D0752,17.415988,78.318588
A046,17.414663,78.557642,D0753,17.204109,78.251328
A016,17.394654,78.41825,D0754,17.368557,78.256038
A009,17.4157,78.667636,D0755,17.309737,78.270389
A001,17.552457,78.460717,D0756,17.485961,78.590388
A045,17.227552,78.228729,D0757,17.302461,78.49099
A046,17.406829,78.204813,D0758,17.333479,78.207453
A037,17.435816,78.502303,D0759,17.465075,78.692646
A047,17.457574,78.439019,D0760,17.481448,78.546607
A017,17.265632,78.526166,D0761,17.30118,78.344527
A041,17.309065,78.664758,D0762,17.233182,78.634132
A003,17.479716,78.594706,D0763,17.245121,78.221889
A023,17.407808,78.621457,D0764,17.216967,78.394377
A045,17.296521,78.443753,D0765,17.296609,78.569338
A012,17.367599,78.675404,D0766,17.590042,78.622445
A030,17.479054,78.385048,D0767,17.345374,78.610159
A030,17.331401,78.329905,D0768,17.557467,78.22562
A047,17.526179,78.290226,D0769,17.512622,78.660757
A043,17.23479,78.357913,D0770,17.230963,78.206992
A005,17.422127,78.641173,D0771,17.200473,78.568174
A025,17.575637,78.575338,D0772,17.319337,78.668373
A006,17.297626,78.223047,D0773,17.299701,78.679824
A029,17.327999,78.350356,D0774,17.200804,78.352223
A013,17.214544,78.322779,D0775,17.446354,78.452872
A031,17.568419,78.321509,D0776,17.511382,78.262108
A046,17.478191,78.613267,D0777,17.523768,78.407774
A023,17.471248,78.214576,D0778,17.297147,78.429749
A043,17.562698,78.388138,D0779,17.321807,78.52533
A007,17.310246,78.649647,D0780,17.212486,78.577225
A008,17.348106,78.481984,D0781,17.530388,78.425672
A007,17.274707,78.237235,D0782,17.50253,78.615147
A040,17.427914,78.424395,D0783,17.491035,78.599613
A042,17.474832,78.570926,D0784,17.456718,78.597087
A002,17.471793,78.654945,D0785,17.217587,78.402462
A038,17.578534,78.222559,D0786,17.562185,78.445369
A022,17.201624,78.274805,D0787,17.581739,78.693136
A027,17.332183,78.592099,D0788,17.569303,78.664223
A012,17.327546,78.352786,D0789,17.534572,78.271915
A039,17.293807,78.432077,D0790,17.543828,78.614684
A041,17.263966,78.56593,D0791,17.224196,78.518673
A032,17.478768,78.64298,D0792,17.561596,78.277445
A050,17.278468,78.330023,D0793,17.430464,78.422086
A005,17.240746,78.602879,D0794,17.370938,78.666868
A010,17.471945,78.434367,D0795,17.348955,78.2158
A045,17.571978,78.682036,D0796,17.510079,78.590502
A037,17.493317,78.663846,D0797,17.367441,78.554248
A002,17.282379,78.37604,D0798,17.569742,78.470142
A038,17.507937,78.465063,D0799,17.532405,78.525881
A003,17.233014,78.309179,D0800,17.454132,78.266433
A029,17.463281,78.462103,D0801,17.555365,78.347787
A042,17.344265,78.305672,D0802,17.506987,78.274848
A026,17.338445,78.628167,D0803,17.489468,78.43622
A036,17.50762,78.36995,D0804,17.586872,78.547572
A021,17.556293,78.567473,D0805,17.512295,78.446572
A008,17.501961,78.203162,D0806,17.244683,78.513386
A037,17.321147,78.6271,D0807,17.30411,78.401605
A039,17.303867,78.638053,D0808,17.56373,78.680927
A042,17.570353,78.454719,D0809,17.235808,78.500683
A014,17.291971,78.327292,D0810,17.363694,78.635532
A040,17.55685,78.654365,D0811,17.422296,78.589317
A007,17.466041,78.60712,D0812,17.400662,78.41203
A013,17.490031,78.566933,D0813,17.482407,78.582232
A017,17.410026,78.345906,D0814,17.335082,78.411805
A022,17.444469,78.517695,D0815,17.342509,78.41031
A015,17.552318,78.365207,D0816,17.227861,78.409774
A025,17.338112,78.508293,D0817,17.326027,78.338152
A030,17.435725,78.535375,D0818,17.295158,78.621261
A034,17.369741,78.401151,D0819,17.493997,78.295314
A024,17.409862,78.600496,D0820,17.331355,78.672232
A005,17.445896,78.645068,D0821,17.587036,78.520104
A033,17.435362,78.24594,D0822,17.412856,78.684578
A009,17.414729,78.266506,D0823,17.440756,78.262122
A008,17.21643,78.513644,D0824,17.509955,78.541821
A005,17.579911,78.337731,D0825,17.407909,78.317166
A033,17.585967,78.538662,D0826,17.448038,78.215149
A028,17.346776,78.510296,D0827,17.568296,78.645154
A015,17.256471,78.696708,D0828,17.247222,78.295309
A038,17.201626,78.690228,D0829,17.588932,78.626975
A021,17.207058,78.618113,D0830,17.520932,78.2499
A013,17.590195,78.204097,D0831,17.433067,78.395316
A038,17.573605,78.299172,D0832,17.391155,78.255832
A003,17.522106,78.24263,D0833,17.363557,78.305538
A005,17.394346,78.408191,D0834,17.208305,78.615283
A013,17.371601,78.512289,D0835,17.388734,78.697198
A006,17.411205,78.20988,D0836,17.547272,78.491722
A008,17.30103,78.240164,D0837,17.534108,78.252213
A041,17.334064,78.408503,D0838,17.450952,78.354629
A020,17.244418,78.6171,D0839,17.484612,78.540832
A032,17.426337,78.45649,D0840,17.528843,78.402198
A040,17.245569,78.573365,D0841,17.400737,78.489452
A011,17.252921,78.545312,D0842,17.549569,78.278085
A023,17.545336,78.619821,D0843,17.283397,78.218627
A007,17.570319,78.255597,D0844,17.569051,78.661247
A017,17.466418,78.321711,D0845,17.368747,78.373599
A039,17.527119,78.350086,D0846,17.509333,78.443617
A021,17.33615,78.676922,D0847,17.362021,78.493227
A032,17.503028,78.530423,D0848,17.496472,78.636501
A030,17.395933,78.27588,D0849,17.249034,78.460606
A042,17.225734,78.610406,D0850,17.376987,78.293652
A020,17.502465,78.478498,D0851,17.578442,78.311151
A039,17.547768,78.51274,D0852,17.458754,78.564478
A049,17.34719,78.585138,D0853,17.374949,78.624967
A001,17.375382,78.470188,D0854,17.479779,78.341758
A013,17.263482,78.44051,D0855,17.595446,78.621788
A034,17.533276,78.382771,D0856,17.345783,78.684755
A026,17.599103,78.285484,D0857,17.399909,78.323199
A026,17.22594,78.270236,D0858,17.554301,78.65137
A025,17.217523,78.538176,D0859,17.252549,78.592325
A015,17.590961,78.380967,D0860,17.439774,78.365989
A044,17.484436,78.462492,D0861,17.595129,78.260583
A023,17.552922,78.218005,D0862,17.294361,78.461721
A021,17.450245,78.318702,D0863,17.400638,78.338685
A001,17.322919,78.360458,D0864,17.303216,78.604722
A047,17.536201,78.431233,D0865,17.451984,78.555504
A022,17.290392,78.454625,D0866,17.5974,78.687407
A039,17.359463,78.63321,D0867,17.254258,78.490632
A006,17.45045,78.276485,D0868,17.378503,78.440249
A027,17.358892,78.522169,D0869,17.279946,78.273487
A018,17.42779,78.34261,D0870,17.414178,78.648753
A012,17.454456,78.295958,D0871,17.322836,78.664857
A044,17.337427,78.229358,D0872,17.400806,78.256472
A036,17.539892,78.435086,D0873,17.592664,78.394359
A010,17.302504,78.558295,D0874,17.400918,78.537099
A029,17.33259,78.298074,D0875,17.578466,78.633209
A023,17.503027,78.433842,D0876,17.264836,78.275005
A046,17.448805,78.206216,D0877,17.435808,78.643969
A039,17.278146,78.392876,D0878,17.242058,78.477692
A033,17.55828,78.227645,D0879,17.415464,78.490537
A038,17.548172,78.331374,D0880,17.292908,78.623738
A012,17.406217,78.53068,D0881,17.23611,78.598506
A004,17.283246,78.230251,D0882,17.36474,78.277636
A046,17.453627,78.480801,D0883,17.270545,78.630608
A015,17.538675,78.502625,D0884,17.339018,78.66414
A023,17.360783,78.250232,D0885,17.548349,78.252816
A032,17.540432,78.227847,D0886,17.368705,78.452658
A041,17.378224,78.491275,D0887,17.499521,78.57133
A044,17.211925,78.319643,D0888,17.230785,78.637549
A034,17.200433,78.673017,D0889,17.492867,78.627996
A028,17.414606,78.483213,D0890,17.499721,78.583025
A012,17.239144,78.55152,D0891,17.348071,78.472915
A036,17.57004,78.674839,D0892,17.337828,78.402583
A045,17.335173,78.312935,D0893,17.526319,78.200145
A041,17.298351,78.560885,D0894,17.547528,78.668422
A037,17.543421,78.426421,D0895,17.230028,78.582205
A033,17.484669,78.65189,D0896,17.322419,78.343541
A010,17.433972,78.557695,D0897,17.419682,78.257556
A043,17.373132,78.430546,D0898,17.546523,78.320173
A044,17.420841,78.62235,D0899,17.267886,78.634201
A027,17.322338,78.635144,D0900,17.340449,78.204308
A005,17.436295,78.444763,D0901,17.534441,78.252737
A005,17.317007,78.215477,D0902,17.243923,78.483278
A044,17.527846,78.346462,D0903,17.494876,78.359055
A038,17.302393,78.526154,D0904,17.40653,78.573002
A007,17.494327,78.356308,D0905,17.392184,78.693256
A048,17.510128,78.647201,D0906,17.459755,78.215996
A008,17.422389,78.635032,D0907,17.425529,78.442621
A006,17.262526,78.537894,D0908,17.267065,78.576298
A034,17.24619,78.432506,D0909,17.548447,78.477232
A026,17.442975,78.265202,D0910,17.387188,78.331501
A013,17.322557,78.401269,D0911,17.510642,78.41241
A023,17.242613,78.648016,D0912,17.270678,78.331069
A026,17.391221,78.217114,D0913,17.24766,78.661108
A030,17.492381,78.401803,D0914,17.277764,78.507057
A042,17.364594,78.398996,D0915,17.481603,78.629288
A036,17.571483,78.277706,D0916,17.468516,78.60188
A024,17.493667,78.509747,D0917,17.362526,78.64355
A046,17.463784,78.683534,D0918,17.59482,78.250214
A024,17.433435,78.239144,D0919,17.40774,78.388052
A001,17.260188,78.206027,D0920,17.245061,78.370854
A010,17.207793,78.476679,D0921,17.234233,78.459058
A002,17.314658,78.246559,D0922,17.546207,78.496917
A031,17.475239,78.418637,D0923,17.29231,78.264313
A015,17.344617,78.391091,D0924,17.570513,78.226459
A010,17.538659,78.410249,D0925,17.413908,78.368041
A004,17.57525,78.686822,D0926,17.499217,78.4393
A019,17.244594,78.581665,D0927,17.475807,78.414697
A003,17.335951,78.455233,D0928,17.443589,78.278594
A032,17.59112,78.681282,D0929,17.257229,78.450222
A027,17.510194,78.567977,D0930,17.234556,78.680526
A027,17.262103,78.677715,D0931,17.44695,78.295432
A032,17.494378,78.59412,D0932,17.441385,78.501064
A017,17.533619,78.200211,D0933,17.541751,78.372599
A039,17.565905,78.428511,D0934,17.222972,78.692879
A035,17.459971,78.673957,D0935,17.519567,78.653797
A050,17.493956,78.312682,D0936,17.467835,78.532453
A050,17.473142,78.518374,D0937,17.453277,78.586593
A021,17.409251,78.363873,D0938,17.334984,78.383682
A008,17.513533,78.689128,D0939,17.562243,78.618152
A020,17.584255,78.289059,D0940,17.442215,78.696737
A015,17.360389,78.462191,D0941,17.390315,78.623905
A024,17.463801,78.388718,D0942,17.451566,78.215134
A013,17.475282,78.593718,D0943,17.252633,78.593812
A045,17.33815,78.284315,D0944,17.514434,78.221821
A050,17.408176,78.303967,D0945,17.236441,78.57014
A042,17.251565,78.521072,D0946,17.451976,78.41087
A025,17.414126,78.580016,D0947,17.497174,78.310642
A032,17.481618,78.33002,D0948,17.495717,78.423881
A018,17.555587,78.494882,D0949,17.362036,78.684805
A022,17.303765,78.21994,D0950,17.372587,78.606585
A015,17.271678,78.230089,D0951,17.208909,78.244268
A041,17.434108,78.573859,D0952,17.543114,78.504592
A031,17.343615,78.426745,D0953,17.333667,78.363365
A016,17.422864,78.540214,D0954,17.269416,78.604939
A039,17.456901,78.275132,D0955,17.39809,78.314906
A028,17.503055,78.32939,D0956,17.259643,78.211828
A012,17.393992,78.666012,D0957,17.321561,78.612857
A006,17.572685,78.42456,D0958,17.536774,78.636643
A015,17.497883,78.218856,D0959,17.571538,78.449495
A037,17.28755,78.449247,D0960,17.221531,78.408736
A044,17.438832,78.208192,D0961,17.530399,78.206537
A002,17.547107,78.663487,D0962,17.532334,78.469361
A013,17.389625,78.366628,D0963,17.401555,78.451754
A048,17.52428,78.545928,D0964,17.381104,78.21522
A045,17.2603,78.646593,D0965,17.526609,78.467954
A050,17.51293,78.648586,D0966,17.520624,78.541043
A001,17.473461,78.461227,D0967,17.323178,78.316866
A036,17.208237,78.623361,D0968,17.202904,78.661207
A003,17.583046,78.543092,D0969,17.310168,78.473242
A049,17.305493,78.212192,D0970,17.532568,78.639627
A047,17.444672,78.309857,D0971,17.361368,78.465316
A012,17.577532,78.416093,D0972,17.438988,78.355813
A050,17.47266,78.246657,D0973,17.323546,78.609788
A045,17.254255,78.627363,D0974,17.494778,78.618244
A032,17.586699,78.643846,D0975,17.564993,78.550122
A044,17.336395,78.500943,D0976,17.308645,78.283515
A032,17.234624,78.374031,D0977,17.338995,78.425866
A001,17.462412,78.356875,D0978,17.214846,78.594286
A028,17.457449,78.463206,D0979,17.267715,78.395523
A032,17.217927,78.238286,D0980,17.559697,78.678742
A033,17.398731,78.371437,D0981,17.394728,78.676672
A018,17.31472,78.416501,D0982,17.212944,78.612324
A010,17.541057,78.417354,D0983,17.371292,78.529741
A019,17.350203,78.587678,D0984,17.477696,78.551265
A038,17.498372,78.4042,D0985,17.26677,78.374911
A021,17.564657,78.608352,D0986,17.479136,78.474324
A042,17.422345,78.691114,D0987,17.56122,78.309505
A015,17.429169,78.330461,D0988,17.238917,78.653464
A025,17.341534,78.630965,D0989,17.329039,78.540991
A027,17.538097,78.250798,D0990,17.267419,78.472659
A044,17.584409,78.542663,D0991,17.372567,78.253431
A048,17.220755,78.30803,D0992,17.537021,78.668541
A029,17.289493,78.604415,D0993,17.585582,78.441521
A029,17.450958,78.211321,D0994,17.284403,78.534629
A029,17.37313,78.497884,D0995,17.274678,78.639091
A030,17.34944,78.301771,D0996,17.33186,78.252147
A033,17.412791,78.486775,D0997,17.478683,78.286087
A047,17.419775,78.532974,D0998,17.324394,78.598705
A032,17.35696,78.348305,D0999,17.245576,78.219026
A032,17.548617,78.698353,D1000,17.342918,78.53301
